dim,bits,algo,param,runtime,final_norm
35,34,LLL,0.75,0.003621816635131836,35639064316.22919
35,34,LLL,0.9,0.004009246826171875,30350516741.823956
35,34,LLL,0.99,0.0039038658142089844,30350516741.823956
35,34,BKZ,2.0,0.005323648452758789,30350516741.823956
35,34,BKZ,10.0,0.016469478607177734,27894644660.953842
35,34,BKZ,20.0,0.012245655059814453,27894644660.953842
30,25,LLL,0.75,0.0016391277313232422,50523199.984679185
30,25,LLL,0.9,0.001955747604370117,50523199.984679185
30,25,LLL,0.99,0.0022330284118652344,49561718.14639223
30,25,BKZ,2.0,0.003470897674560547,49561718.14639223
30,25,BKZ,10.0,0.011801719665527344,49561718.14639223
30,25,BKZ,20.0,0.013660430908203125,49561718.14639223
40,35,LLL,0.75,0.004563808441162109,65360645135.267624
40,35,LLL,0.9,0.004700660705566406,65360645135.267624
40,35,LLL,0.99,0.006376028060913086,65360645135.267624
40,35,BKZ,2.0,0.006942033767700195,65360645135.267624
40,35,BKZ,10.0,0.020940303802490234,62966340761.14297
40,35,BKZ,20.0,0.024662017822265625,62966340761.14297
55,35,LLL,0.75,0.01167917251586914,97671521554.61319
55,35,LLL,0.9,0.011781692504882812,88377269914.81422
55,35,LLL,0.99,0.012686967849731445,79201716762.5934
55,35,BKZ,2.0,0.016608476638793945,79201716762.5934
55,35,BKZ,10.0,0.028470993041992188,79201716762.5934
55,35,BKZ,20.0,0.04149484634399414,79201716762.5934
55,33,LLL,0.75,0.011566400527954102,23247555271.927353
55,33,LLL,0.9,0.011485815048217773,20611976171.547466
55,33,LLL,0.99,0.012336969375610352,20428615592.738155
55,33,BKZ,2.0,0.016950368881225586,20428615592.738155
55,33,BKZ,10.0,0.04455900192260742,19518982233.861683
55,33,BKZ,20.0,0.04485750198364258,19518982233.861683
35,31,LLL,0.75,0.003732919692993164,4001446769.222083
35,31,LLL,0.9,0.004381895065307617,3353211140.453047
35,31,LLL,0.99,0.005362033843994141,3565922684.1379366
35,31,BKZ,2.0,0.009389400482177734,3565922684.1379366
35,31,BKZ,10.0,0.015973329544067383,3082571718.452881
35,31,BKZ,20.0,0.03399157524108887,3057340681.716582
60,37,LLL,0.75,0.013353347778320312,432016200652.5929
60,37,LLL,0.9,0.014729022979736328,366062086325.39276
60,37,LLL,0.99,0.015368461608886719,338972521396.57074
60,37,BKZ,2.0,0.02231121063232422,338972521396.57074
60,37,BKZ,10.0,0.043836355209350586,319464681612.0149
60,37,BKZ,20.0,0.04487943649291992,314343642247.43604
60,25,LLL,0.75,0.013437032699584961,107607551.67187467
60,25,LLL,0.9,0.015365839004516602,78615422.4376702
60,25,LLL,0.99,0.019565105438232422,78615422.4376702
60,25,BKZ,2.0,0.029836416244506836,78615422.4376702
60,25,BKZ,10.0,0.052573204040527344,73444705.45513317
60,25,BKZ,20.0,0.06866049766540527,73444705.45513317
50,22,LLL,0.75,0.013440370559692383,11429139.723891295
50,22,LLL,0.9,0.010050296783447266,8925124.858317446
50,22,LLL,0.99,0.012543678283691406,9773970.28707086
50,22,BKZ,2.0,0.018177509307861328,9773970.28707086
50,22,BKZ,10.0,0.08008480072021484,8925124.858317446
50,22,BKZ,20.0,0.051264286041259766,8925124.858317446
35,35,LLL,0.75,0.00620722770690918,74352467627.13026
35,35,LLL,0.9,0.006962776184082031,74352467627.13026
35,35,LLL,0.99,0.008168935775756836,47528625825.121765
35,35,BKZ,2.0,0.009443283081054688,47528625825.121765
35,35,BKZ,10.0,0.015723705291748047,47528625825.121765
35,35,BKZ,20.0,0.01687002182006836,47528625825.121765
55,32,LLL,0.75,0.020135164260864258,13088109348.950232
55,32,LLL,0.9,0.025374412536621094,11189632523.690382
55,32,LLL,0.99,0.026145219802856445,10104833160.7738
55,32,BKZ,2.0,0.0347905158996582,10104833160.7738
55,32,BKZ,10.0,0.14012813568115234,8950651951.021292
55,32,BKZ,20.0,0.14327526092529297,8950651951.021292
50,24,LLL,0.75,0.011933565139770508,44578041.603617325
50,24,LLL,0.9,0.011282205581665039,37196213.068324
50,24,LLL,0.99,0.01359701156616211,37196213.068324
50,24,BKZ,2.0,0.018550872802734375,37196213.068324
50,24,BKZ,10.0,0.0737159252166748,34709315.686100625
50,24,BKZ,20.0,0.06002044677734375,34709315.686100625
60,38,LLL,0.75,0.030293703079223633,900683830477.9093
60,38,LLL,0.9,0.03405404090881348,749278448777.1315
60,38,LLL,0.99,0.03960609436035156,682317800484.2623
60,38,BKZ,2.0,0.03636622428894043,682317800484.2623
60,38,BKZ,10.0,0.044324636459350586,642054732439.7257
60,38,BKZ,20.0,0.06677389144897461,642054732439.7257
50,38,LLL,0.75,0.018276691436767578,744933446211.9674
50,38,LLL,0.9,0.01628279685974121,678203412996.415
50,38,LLL,0.99,0.017841815948486328,634591762765.2847
50,38,BKZ,2.0,0.026409626007080078,634591762765.2847
50,38,BKZ,10.0,0.05435824394226074,551537672762.9117
50,38,BKZ,20.0,0.0715796947479248,551537672762.9117
55,40,LLL,0.75,0.019010066986083984,3146539288774.603
55,40,LLL,0.9,0.024200439453125,2699193697811.5933
55,40,LLL,0.99,0.02267742156982422,2585664776324.3276
55,40,BKZ,2.0,0.034284353256225586,2585664776324.3276
55,40,BKZ,10.0,0.08406734466552734,2585664776324.3276
55,40,BKZ,20.0,0.08210468292236328,2585664776324.3276
30,28,LLL,0.75,0.00490880012512207,527461426.24565595
30,28,LLL,0.9,0.007236957550048828,478559482.74656284
30,28,LLL,0.99,0.0062448978424072266,438262232.1871092
30,28,BKZ,2.0,0.006971836090087891,438262232.1871092
30,28,BKZ,10.0,0.014281511306762695,425204437.1667049
30,28,BKZ,20.0,0.024919509887695312,421020766.25756735
35,29,LLL,0.75,0.006487369537353516,1062232233.1611046
35,29,LLL,0.9,0.006480693817138672,1062232233.1611046
35,29,LLL,0.99,0.007452487945556641,940816856.7278987
35,29,BKZ,2.0,0.012558221817016602,940816856.7278987
35,29,BKZ,10.0,0.02480030059814453,918236033.3550346
35,29,BKZ,20.0,0.020546674728393555,918236033.3550346
35,36,LLL,0.75,0.006587982177734375,140222601579.36404
35,36,LLL,0.9,0.007321357727050781,121457506413.16115
35,36,LLL,0.99,0.00858926773071289,120637551248.54001
35,36,BKZ,2.0,0.011638641357421875,120637551248.54001
35,36,BKZ,10.0,0.029924392700195312,120637551248.54001
35,36,BKZ,20.0,0.042881011962890625,113232313680.12646
60,34,LLL,0.75,0.027268409729003906,54052654102.766106
60,34,LLL,0.9,0.030393123626708984,54052654102.766106
60,34,LLL,0.99,0.035813093185424805,45680334231.98212
60,34,BKZ,2.0,0.045406341552734375,45680334231.98212
60,34,BKZ,10.0,0.11718106269836426,41234397973.092094
60,34,BKZ,20.0,0.14826202392578125,41234397973.092094
50,24,LLL,0.75,0.011406898498535156,40770705.06987301
50,24,LLL,0.9,0.01192617416381836,40770705.06987301
50,24,LLL,0.99,0.011571645736694336,37322997.8249396
50,24,BKZ,2.0,0.01976776123046875,37322997.8249396
50,24,BKZ,10.0,0.060974836349487305,37079944.082891196
50,24,BKZ,20.0,0.06442737579345703,37079944.082891196
45,27,LLL,0.75,0.012585639953613281,352364175.4039045
45,27,LLL,0.9,0.014206647872924805,261494631.0453194
45,27,LLL,0.99,0.01478719711303711,258830056.10483402
45,27,BKZ,2.0,0.02012014389038086,258830056.10483402
45,27,BKZ,10.0,0.041371822357177734,258830056.10483402
45,27,BKZ,20.0,0.05717897415161133,258830056.10483402
55,31,LLL,0.75,0.030048131942749023,6365766195.080389
55,31,LLL,0.9,0.03585982322692871,5107788813.083425
55,31,LLL,0.99,0.038516998291015625,5107788813.083425
55,31,BKZ,2.0,0.05172300338745117,5107788813.083425
55,31,BKZ,10.0,0.13155698776245117,4896204493.08872
55,31,BKZ,20.0,0.10553836822509766,4866350032.55252
50,39,LLL,0.75,0.01632857322692871,1616445738016.4268
50,39,LLL,0.9,0.016820430755615234,1209255962645.8708
50,39,LLL,0.99,0.01705145835876465,1209255962645.8708
50,39,BKZ,2.0,0.023642539978027344,1209255962645.8708
50,39,BKZ,10.0,0.040953874588012695,1153313930985.4592
50,39,BKZ,20.0,0.039441585540771484,1153313930985.4592
45,32,LLL,0.75,0.011688232421875,10163475119.821125
45,32,LLL,0.9,0.012939691543579102,10163475119.821125
45,32,LLL,0.99,0.012896060943603516,8920076930.597754
45,32,BKZ,2.0,0.01945018768310547,8920076930.597754
45,32,BKZ,10.0,0.08651852607727051,8629603446.58127
45,32,BKZ,20.0,0.062093257904052734,8629603446.58127
55,34,LLL,0.75,0.011258363723754883,45922813169.091995
55,34,LLL,0.9,0.013777494430541992,45922813169.091995
55,34,LLL,0.99,0.012888193130493164,45922813169.091995
55,34,BKZ,2.0,0.01650857925415039,45922813169.091995
55,34,BKZ,10.0,0.03745722770690918,40381778611.54928
55,34,BKZ,20.0,0.039533376693725586,40381778611.54928
50,30,LLL,0.75,0.008655309677124023,2786120267.969072
50,30,LLL,0.9,0.009463310241699219,2257874224.284568
50,30,LLL,0.99,0.01143646240234375,2139127338.3334944
50,30,BKZ,2.0,0.014842748641967773,2139127338.3334944
50,30,BKZ,10.0,0.035028696060180664,2139127338.3334944
50,30,BKZ,20.0,0.035802364349365234,2139127338.3334944
30,34,LLL,0.75,0.004960536956787109,20253759704.995937
30,34,LLL,0.9,0.0048809051513671875,20253759704.995937
30,34,LLL,0.99,0.00519871711730957,20253759704.995937
30,34,BKZ,2.0,0.007069110870361328,20253759704.995937
30,34,BKZ,10.0,0.016032934188842773,20253759704.995937
30,34,BKZ,20.0,0.014802694320678711,20253759704.995937
40,26,LLL,0.75,0.01093292236328125,172548085.69644597
40,26,LLL,0.9,0.010507345199584961,136587130.220157
40,26,LLL,0.99,0.011754274368286133,124331470.43065673
40,26,BKZ,2.0,0.014890432357788086,124331470.43065673
40,26,BKZ,10.0,0.0360410213470459,123524007.26368144
40,26,BKZ,20.0,0.038385629653930664,123524007.26368144
60,37,LLL,0.75,0.01661515235900879,415220130513.2631
60,37,LLL,0.9,0.014657735824584961,370647035519.6387
60,37,LLL,0.99,0.01774287223815918,363464774188.7886
60,37,BKZ,2.0,0.022324323654174805,363464774188.7886
60,37,BKZ,10.0,0.05102181434631348,332619650212.2092
60,37,BKZ,20.0,0.09135937690734863,332619650212.2092
50,22,LLL,0.75,0.0066699981689453125,10288176.9165148
50,22,LLL,0.9,0.0065670013427734375,9357636.866275268
50,22,LLL,0.99,0.008244991302490234,9180838.771786269
50,22,BKZ,2.0,0.010947465896606445,9180838.771786269
50,22,BKZ,10.0,0.03516960144042969,8540779.8906337
50,22,BKZ,20.0,0.04587745666503906,8540779.8906337
50,20,LLL,0.75,0.006001949310302734,2641627.210281004
50,20,LLL,0.9,0.006402492523193359,2641627.210281004
50,20,LLL,0.99,0.007077217102050781,2144368.6494241143
50,20,BKZ,2.0,0.011246919631958008,2144368.6494241143
50,20,BKZ,10.0,0.034552812576293945,2144368.6494241143
50,20,BKZ,20.0,0.04105997085571289,2144368.6494241143
40,20,LLL,0.75,0.003178119659423828,2454941.5153369745
40,20,LLL,0.9,0.0033020973205566406,2098169.675675921
40,20,LLL,0.99,0.003974199295043945,1808299.6724760528
40,20,BKZ,2.0,0.006168842315673828,1808299.6724760528
40,20,BKZ,10.0,0.009946346282958984,1808299.6724760528
40,20,BKZ,20.0,0.012913227081298828,1808299.6724760528
50,28,LLL,0.75,0.00892329216003418,557416716.3899429
50,28,LLL,0.9,0.008669614791870117,557416716.3899429
50,28,LLL,0.99,0.009422540664672852,557416716.3899429
50,28,BKZ,2.0,0.014195442199707031,557416716.3899429
50,28,BKZ,10.0,0.03208160400390625,557416716.3899429
50,28,BKZ,20.0,0.07172942161560059,557416716.3899429
35,36,LLL,0.75,0.0038194656372070312,154736633696.61694
35,36,LLL,0.9,0.0036916732788085938,130394710486.60054
35,36,LLL,0.99,0.0038824081420898438,109994382496.16417
35,36,BKZ,2.0,0.005248546600341797,109994382496.16417
35,36,BKZ,10.0,0.020725250244140625,109994382496.16417
35,36,BKZ,20.0,0.020671606063842773,109994382496.16417
55,30,LLL,0.75,0.011343717575073242,3193099832.591206
55,30,LLL,0.9,0.011587381362915039,2799221930.913959
55,30,LLL,0.99,0.012884378433227539,2445592719.145891
55,30,BKZ,2.0,0.016268491744995117,2445592719.145891
55,30,BKZ,10.0,0.03290557861328125,2433282741.239511
55,30,BKZ,20.0,0.04138493537902832,2433282741.239511
60,38,LLL,0.75,0.014604330062866211,864399254278.4203
60,38,LLL,0.9,0.014919042587280273,655087970417.6996
60,38,LLL,0.99,0.016429901123046875,622097553413.0736
60,38,BKZ,2.0,0.022109031677246094,622097553413.0736
60,38,BKZ,10.0,0.06248974800109863,622097553413.0736
60,38,BKZ,20.0,0.0533146858215332,622097553413.0736
50,21,LLL,0.75,0.005788326263427734,5428888.370547694
50,21,LLL,0.9,0.005502939224243164,3793924.0038219006
50,21,LLL,0.99,0.007041215896606445,3793924.0038219006
50,21,BKZ,2.0,0.009485721588134766,3793924.0038219006
50,21,BKZ,10.0,0.01934957504272461,3793924.0038219006
50,21,BKZ,20.0,0.022834300994873047,3793924.0038219006
40,27,LLL,0.75,0.005190372467041016,273177646.8164594
40,27,LLL,0.9,0.0053462982177734375,273177646.8164594
40,27,LLL,0.99,0.005677700042724609,259842885.72331482
40,27,BKZ,2.0,0.007587909698486328,259842885.72331482
40,27,BKZ,10.0,0.01564764976501465,243085326.9387881
40,27,BKZ,20.0,0.0259249210357666,243085326.9387881
60,30,LLL,0.75,0.014535188674926758,2794724288.971737
60,30,LLL,0.9,0.015563726425170898,2636364125.1010656
60,30,LLL,0.99,0.017832279205322266,2636364125.1010656
60,30,BKZ,2.0,0.02378392219543457,2636364125.1010656
60,30,BKZ,10.0,0.04584813117980957,2614304619.352311
60,30,BKZ,20.0,0.06234025955200195,2614304619.352311
55,35,LLL,0.75,0.011490345001220703,112322593305.92912
55,35,LLL,0.9,0.011734485626220703,92639094042.26474
55,35,LLL,0.99,0.01214456558227539,80415456459.07889
55,35,BKZ,2.0,0.017346858978271484,80415456459.07889
55,35,BKZ,10.0,0.04892849922180176,78389111525.55957
55,35,BKZ,20.0,0.043723344802856445,78389111525.55957
55,23,LLL,0.75,0.007899045944213867,25620801.858933847
55,23,LLL,0.9,0.009023666381835938,22362628.61230891
55,23,LLL,0.99,0.008655548095703125,21746747.163524825
55,23,BKZ,2.0,0.013199329376220703,21746747.163524825
55,23,BKZ,10.0,0.03820085525512695,18975968.349517185
55,23,BKZ,20.0,0.033504486083984375,18975968.349517185
50,39,LLL,0.75,0.008861064910888672,1464229536820.3044
50,39,LLL,0.9,0.009767770767211914,1332620841801.1848
50,39,LLL,0.99,0.009958982467651367,1109797642370.922
50,39,BKZ,2.0,0.013529777526855469,1109797642370.922
50,39,BKZ,10.0,0.028790712356567383,1109797642370.922
50,39,BKZ,20.0,0.04553675651550293,1109797642370.922
30,40,LLL,0.75,0.002337932586669922,2258705101441.1304
30,40,LLL,0.9,0.0023550987243652344,1641669497694.593
30,40,LLL,0.99,0.0034139156341552734,1624208768680.914
30,40,BKZ,2.0,0.0036690235137939453,1624208768680.914
30,40,BKZ,10.0,0.00784921646118164,1624208768680.914
30,40,BKZ,20.0,0.008742094039916992,1624208768680.914
55,27,LLL,0.75,0.012276411056518555,375316996.78116405
55,27,LLL,0.9,0.012948751449584961,338915133.18056566
55,27,LLL,0.99,0.013744592666625977,309827999.57113224
55,27,BKZ,2.0,0.017848730087280273,309827999.57113224
55,27,BKZ,10.0,0.03716850280761719,303860138.9634462
55,27,BKZ,20.0,0.07689237594604492,303860138.9634462
55,23,LLL,0.75,0.0072252750396728516,24314962.09761535
55,23,LLL,0.9,0.008593082427978516,22993256.87183675
55,23,LLL,0.99,0.008895635604858398,22993256.87183675
55,23,BKZ,2.0,0.013327360153198242,22993256.87183675
55,23,BKZ,10.0,0.03005838394165039,18945237.17022178
55,23,BKZ,20.0,0.03421163558959961,18945237.17022178
35,25,LLL,0.75,0.0032613277435302734,80419108.10651739
35,25,LLL,0.9,0.0036325454711914062,64678594.02511982
35,25,LLL,0.99,0.003892183303833008,58002624.46282468
35,25,BKZ,2.0,0.005241870880126953,58002624.46282468
35,25,BKZ,10.0,0.009154796600341797,57024385.823796146
35,25,BKZ,20.0,0.012950658798217773,57024385.823796146
45,37,LLL,0.75,0.007073402404785156,365911644784.29736
45,37,LLL,0.9,0.007561445236206055,299709213819.89233
45,37,LLL,0.99,0.008638381958007812,288691497464.7935
45,37,BKZ,2.0,0.011889457702636719,288691497464.7935
45,37,BKZ,10.0,0.031159162521362305,273550536531.97485
45,37,BKZ,20.0,0.045963287353515625,280043763157.8661
45,36,LLL,0.75,0.006783246994018555,158286912829.46793
45,36,LLL,0.9,0.00698399543762207,131795969147.87134
45,36,LLL,0.99,0.008273601531982422,131795969147.87134
45,36,BKZ,2.0,0.010312080383300781,131795969147.87134
45,36,BKZ,10.0,0.02537679672241211,129017867771.80095
45,36,BKZ,20.0,0.026015758514404297,129017867771.80095
30,26,LLL,0.75,0.0027382373809814453,135586636.54019523
30,26,LLL,0.9,0.002475738525390625,111176330.61852533
30,26,LLL,0.99,0.002669095993041992,99458308.12980215
30,26,BKZ,2.0,0.003981828689575195,99458308.12980215
30,26,BKZ,10.0,0.009366989135742188,89200700.48257515
30,26,BKZ,20.0,0.009809732437133789,89200700.48257515
60,25,LLL,0.75,0.014407634735107422,111523324.06761113
60,25,LLL,0.9,0.01555943489074707,100944370.40749554
60,25,LLL,0.99,0.01734614372253418,87928112.46327661
60,25,BKZ,2.0,0.02306509017944336,87928112.46327661
60,25,BKZ,10.0,0.05066990852355957,79211263.28737347
60,25,BKZ,20.0,0.04903221130371094,79211263.28737347
